id,balance,interest_rate,rate_type,loan_id
1,5229.1199999999999,8.75,variable,2
2,12727.52,11.369999999999999,fixed,4
3,14996.58,8.25,fixed,9
4,21149,4.75,variable,7
5,14379,3.75,variable,5
